<!DOCTYPE PATCH  SYSTEM "http://vvvv.org/versions/vvvv45beta33.1.dtd" >
   <PATCH nodename="D:\work\vvvv_tutorial\ShaderFilter\Shader_Filter.v4p" scrollx="0" scrolly="0" systemname="Shader_Filter" filename="D:\work\vvvv\vvvv_tutorial\Shader_Filter.v4p">
   <BOUNDS type="Window" left="525" top="2280" width="23970" height="15690">
   </BOUNDS>
   <NODE systemname="Renderer (EX9)" nodename="Renderer (EX9)" componentmode="InABox" id="2">
   <BOUNDS type="Node" left="2415" top="3030" width="100" height="100">
   </BOUNDS>
   <BOUNDS type="Box" left="2415" top="3030" width="3255" height="2190">
   </BOUNDS>
   <BOUNDS type="Window" left="9060" top="9225" width="6240" height="5055">
   </BOUNDS>
   <PIN pinname="Layers" visible="1" slicecount="1" values="||">
   </PIN>
   <PIN pinname="EX9 Out" visible="1">
   </PIN>
   <PIN pinname="Actual Backbuffer Width" visible="1">
   </PIN>
   <PIN pinname="Actual Backbuffer Height" visible="1">
   </PIN>
   </NODE>
   <NODE systemname="Grid (EX9.Geometry)" nodename="Grid (EX9.Geometry)" componentmode="Hidden" id="4">
   <BOUNDS type="Node" left="1890" top="1365" width="100" height="100">
   </BOUNDS>
   <PIN pinname="Mesh" visible="1">
   </PIN>
   <PIN pinname="Resolution X" slicecount="1" values="2">
   </PIN>
   </NODE>
   <NODE systemname="Scale (Transform Vector)" nodename="Scale (Transform Vector)" componentmode="Hidden" id="5">
   <BOUNDS type="Node" left="2595" top="1260" width="100" height="100">
   </BOUNDS>
   <PIN pinname="Transform Out" visible="1">
   </PIN>
   <PIN pinname="XYZ" visible="1" slicecount="3" values="1,1,1">
   </PIN>
   </NODE>
   <NODE systemname="IOBox (Value Advanced)" nodename="IOBox (Value Advanced)" componentmode="InABox" id="7">
   <BOUNDS type="Node" left="3030" top="720" width="100" height="100">
   </BOUNDS>
   <BOUNDS type="Box" left="3030" top="720" width="795" height="240">
   </BOUNDS>
   <PIN pinname="Y Input Value" slicecount="1" values="2">
   </PIN>
   <PIN pinname="Y Output Value" visible="1">
   </PIN>
   </NODE>
   <LINK srcnodeid="7" srcpinname="Y Output Value" dstnodeid="5" dstpinname="XYZ">
   </LINK>
   <NODE systemname="FileTexture (EX9.Texture)" nodename="FileTexture (EX9.Texture)" componentmode="Hidden" id="8">
   <BOUNDS type="Node" left="7095" top="1470" width="100" height="100">
   </BOUNDS>
   <PIN pinname="Texture Out" visible="1">
   </PIN>
   <PIN pinname="Filename" slicecount="1" values="tokyo.jpg">
   </PIN>
   </NODE>
   <NODE nodename="IOBox (Value Advanced)" componentmode="InABox" id="9" systemname="IOBox (Value Advanced)">
   <BOUNDS type="Box" left="4920" top="1740" width="795" height="240">
   </BOUNDS>
   <BOUNDS type="Node" left="4920" top="1740" width="0" height="0">
   </BOUNDS>
   <PIN pinname="Y Input Value" slicecount="1" visible="1" values="0.57">
   </PIN>
   <PIN pinname="Units" slicecount="1" values="||">
   </PIN>
   <PIN pinname="Precision" slicecount="1" values="4">
   </PIN>
   <PIN pinname="Y Output Value" visible="1">
   </PIN>
   </NODE>
   <NODE systemname="DX9Texture (EX9.Texture)" nodename="DX9Texture (EX9.Texture)" componentmode="Hidden" id="15">
   <BOUNDS type="Node" left="5595" top="5460" width="100" height="100">
   </BOUNDS>
   <PIN pinname="Source" visible="1">
   </PIN>
   <PIN pinname="Texture Out" visible="1">
   </PIN>
   </NODE>
   <LINK srcnodeid="2" srcpinname="EX9 Out" dstnodeid="15" dstpinname="Source">
   </LINK>
   <NODE systemname="Renderer (EX9)" nodename="Renderer (EX9)" componentmode="InABox" id="18">
   <BOUNDS type="Node" left="3915" top="7635" width="100" height="100">
   </BOUNDS>
   <BOUNDS type="Box" left="3915" top="7635" width="2715" height="2100">
   </BOUNDS>
   <BOUNDS type="Window" left="7860" top="9840" width="6240" height="5055">
   </BOUNDS>
   <PIN pinname="Layers" visible="1" slicecount="1" values="||">
   </PIN>
   <PIN pinname="EX9 Out" visible="1">
   </PIN>
   </NODE>
   <NODE systemname="Divide (Value)" nodename="Divide (Value)" componentmode="Hidden" id="19">
   <BOUNDS type="Node" left="4635" top="6225" width="100" height="100">
   </BOUNDS>
   <PIN pinname="Input 2" visible="1">
   </PIN>
   <PIN pinname="Output" visible="1">
   </PIN>
   </NODE>
   <NODE systemname="Vector (2d Join)" nodename="Vector (2d Join)" componentmode="Hidden" id="20">
   <BOUNDS type="Node" left="4590" top="5655" width="100" height="100">
   </BOUNDS>
   <PIN pinname="X" visible="1">
   </PIN>
   <PIN pinname="Y" visible="1">
   </PIN>
   <PIN pinname="XY" visible="1">
   </PIN>
   </NODE>
   <LINK srcnodeid="2" srcpinname="Actual Backbuffer Width" dstnodeid="20" dstpinname="X">
   </LINK>
   <LINK srcnodeid="2" srcpinname="Actual Backbuffer Height" dstnodeid="20" dstpinname="Y">
   </LINK>
   <LINK srcnodeid="20" srcpinname="XY" dstnodeid="19" dstpinname="Input 2">
   </LINK>
   <NODE systemname="Grid (EX9.Geometry)" nodename="Grid (EX9.Geometry)" componentmode="Hidden" id="21">
   <BOUNDS type="Node" left="2715" top="6075" width="100" height="100">
   </BOUNDS>
   <PIN pinname="Mesh" visible="1">
   </PIN>
   </NODE>
   <NODE systemname="Scale (Transform Vector)" nodename="Scale (Transform Vector)" componentmode="Hidden" id="22">
   <BOUNDS type="Node" left="3555" top="6090" width="100" height="100">
   </BOUNDS>
   <PIN pinname="Transform Out" visible="1">
   </PIN>
   <PIN pinname="XYZ" slicecount="3" values="2,2,2">
   </PIN>
   </NODE>
   <NODE systemname="HSV (Color Join)" nodename="HSV (Color Join)" componentmode="Hidden" id="24">
   <BOUNDS type="Node" left="6510" top="5985" width="100" height="100">
   </BOUNDS>
   <PIN pinname="Output" visible="1">
   </PIN>
   <PIN pinname="Saturation" slicecount="1" values="0.48">
   </PIN>
   <PIN pinname="Hue" slicecount="1" values="0.01">
   </PIN>
   </NODE>
   <NODE systemname="LFO (Animation)" nodename="LFO (Animation)" componentmode="Hidden" id="25">
   <BOUNDS type="Node" left="4905" top="525" width="100" height="100">
   </BOUNDS>
   <PIN pinname="Period" slicecount="1" values="2">
   </PIN>
   <PIN pinname="Output" visible="1">
   </PIN>
   </NODE>
   <NODE systemname="WaveShaper (Value)" nodename="WaveShaper (Value)" componentmode="Hidden" id="26">
   <BOUNDS type="Node" left="4935" top="885" width="100" height="100">
   </BOUNDS>
   <PIN pinname="Input" visible="1">
   </PIN>
   <PIN pinname="Output" visible="1">
   </PIN>
   <PIN pinname="Shape" slicecount="1" values="Sine">
   </PIN>
   </NODE>
   <NODE systemname="DX9Texture (EX9.Texture)" nodename="DX9Texture (EX9.Texture)" componentmode="Hidden" id="27">
   <BOUNDS type="Node" left="6690" top="10155" width="100" height="100">
   </BOUNDS>
   <PIN pinname="Source" visible="1">
   </PIN>
   <PIN pinname="Texture Out" visible="1">
   </PIN>
   </NODE>
   <LINK srcnodeid="18" srcpinname="EX9 Out" dstnodeid="27" dstpinname="Source">
   </LINK>
   <NODE systemname="Renderer (EX9)" nodename="Renderer (EX9)" componentmode="InABox" id="28">
   <BOUNDS type="Node" left="9090" top="5550" width="100" height="100">
   </BOUNDS>
   <BOUNDS type="Box" left="9090" top="5550" width="7380" height="5340">
   </BOUNDS>
   <BOUNDS type="Window" left="10860" top="13635" width="6240" height="5055">
   </BOUNDS>
   <PIN pinname="Layers" visible="1">
   </PIN>
   </NODE>
   <NODE systemname="FullscreenQuad (DX9)" filename="%VVVV%\addonpack\lib\nodes\modules\TextureFX\misc\FullscreenQuad (DX9).v4p" nodename="FullscreenQuad (DX9)" componentmode="Hidden" id="29">
   <BOUNDS type="Node" left="8895" top="3045" width="100" height="100">
   </BOUNDS>
   <PIN pinname="Layer" visible="1">
   </PIN>
   <PIN pinname="Texture" visible="1">
   </PIN>
   </NODE>
   <NODE systemname="Group (EX9)" nodename="Group (EX9)" componentmode="Hidden" id="30">
   <BOUNDS type="Node" left="9075" top="4635" width="100" height="100">
   </BOUNDS>
   <PIN pinname="Layer 1" visible="1">
   </PIN>
   <PIN pinname="Layer" visible="1">
   </PIN>
   <PIN pinname="Layer 2" visible="1">
   </PIN>
   </NODE>
   <LINK srcnodeid="29" srcpinname="Layer" dstnodeid="30" dstpinname="Layer 1">
   </LINK>
   <LINK srcnodeid="30" srcpinname="Layer" dstnodeid="28" dstpinname="Layers">
   </LINK>
   <LINK srcnodeid="8" srcpinname="Texture Out" dstnodeid="29" dstpinname="Texture">
   </LINK>
   <NODE systemname="FullscreenQuad (DX9)" filename="%VVVV%\addonpack\lib\nodes\modules\TextureFX\misc\FullscreenQuad (DX9).v4p" nodename="FullscreenQuad (DX9)" componentmode="Hidden" id="31">
   <BOUNDS type="Node" left="9300" top="3705" width="100" height="100">
   </BOUNDS>
   <PIN pinname="Layer" visible="1">
   </PIN>
   <PIN pinname="Texture" visible="1">
   </PIN>
   <PIN pinname="Blend Mode" slicecount="1" values="| Add|">
   </PIN>
   </NODE>
   <LINK srcnodeid="31" srcpinname="Layer" dstnodeid="30" dstpinname="Layer 2">
   </LINK>
   <LINK srcnodeid="27" srcpinname="Texture Out" dstnodeid="31" dstpinname="Texture">
   </LINK>
   <NODE systemname="Map (Value)" nodename="Map (Value)" componentmode="Hidden" id="32">
   <BOUNDS type="Node" left="4905" top="1335" width="100" height="100">
   </BOUNDS>
   <PIN pinname="Input" visible="1">
   </PIN>
   <PIN pinname="Output" visible="1">
   </PIN>
   <PIN pinname="Destination Minimum" slicecount="1" values="0.37">
   </PIN>
   <PIN pinname="Destination Maximum" slicecount="1" values="1">
   </PIN>
   </NODE>
   <LINK srcnodeid="25" srcpinname="Output" dstnodeid="26" dstpinname="Input">
   </LINK>
   <LINK srcnodeid="26" srcpinname="Output" dstnodeid="32" dstpinname="Input">
   </LINK>
   <LINK srcnodeid="32" srcpinname="Output" dstnodeid="9" dstpinname="Y Input Value">
   </LINK>
   <PACK Name="addonpack" Version="33.0.0">
   </PACK>
   <NODE systemname="CrossGrare (EX9.Effect)" filename="CrossGrare.fx" nodename="CrossGrare (EX9.Effect)" componentmode="Hidden" id="34">
   <BOUNDS type="Node" left="3960" top="6900" width="100" height="100">
   </BOUNDS>
   <PIN pinname="Mesh" visible="1">
   </PIN>
   <PIN pinname="Transform" visible="1">
   </PIN>
   <PIN pinname="texelSize XY" visible="1">
   </PIN>
   <PIN pinname="color" visible="1">
   </PIN>
   <PIN pinname="Layer" visible="1">
   </PIN>
   <PIN pinname="Texture" visible="1">
   </PIN>
   </NODE>
   <LINK srcnodeid="21" srcpinname="Mesh" dstnodeid="34" dstpinname="Mesh">
   </LINK>
   <LINK srcnodeid="22" srcpinname="Transform Out" dstnodeid="34" dstpinname="Transform">
   </LINK>
   <LINK srcnodeid="19" srcpinname="Output" dstnodeid="34" dstpinname="texelSize XY">
   </LINK>
   <LINK srcnodeid="24" srcpinname="Output" dstnodeid="34" dstpinname="color">
   </LINK>
   <LINK srcnodeid="34" srcpinname="Layer" dstnodeid="18" dstpinname="Layers">
   </LINK>
   <NODE systemname="TestFilter (EX9.Effect)" filename="TestFilter.fx" nodename="TestFilter (EX9.Effect)" componentmode="Hidden" id="35">
   <BOUNDS type="Node" left="1965" top="2295" width="4140" height="270">
   </BOUNDS>
   <PIN pinname="Mesh" visible="1">
   </PIN>
   <PIN pinname="Transform" visible="1">
   </PIN>
   <PIN pinname="Threshold" visible="1">
   </PIN>
   <PIN pinname="Texture" visible="1">
   </PIN>
   <PIN pinname="Layer" visible="1">
   </PIN>
   </NODE>
   <LINK srcnodeid="4" srcpinname="Mesh" dstnodeid="35" dstpinname="Mesh">
   </LINK>
   <LINK srcnodeid="5" srcpinname="Transform Out" dstnodeid="35" dstpinname="Transform">
   </LINK>
   <LINK srcnodeid="9" srcpinname="Y Output Value" dstnodeid="35" dstpinname="Threshold">
   </LINK>
   <LINK srcnodeid="8" srcpinname="Texture Out" dstnodeid="35" dstpinname="Texture">
   </LINK>
   <LINK srcnodeid="35" srcpinname="Layer" dstnodeid="2" dstpinname="Layers">
   </LINK>
   <LINK srcnodeid="15" srcpinname="Texture Out" dstnodeid="34" dstpinname="Texture">
   </LINK>
   </PATCH>