<!DOCTYPE PATCH  SYSTEM "http://vvvv.org/versions/vvvv45beta33.1.dtd" >
   <PATCH nodename="D:\work\vvvv\tousenkyou.v4p" systemname="tousenkyou" filename="D:\work\vvvv\tousenkyou.v4p" scrollx="0" scrolly="0">
   <BOUNDS type="Window" left="0" top="0" width="23430" height="15750">
   </BOUNDS>
   <PACK Name="addonpack" Version="33.0.0">
   </PACK>
   <NODE systemname="Leap (Devices)" filename="%VVVV%\lib\nodes\plugins\VVVV.Nodes.Devices.Leap.dll" nodename="Leap (Devices)" componentmode="Hidden" id="0">
   <BOUNDS type="Node" left="9675" top="180" width="100" height="100">
   </BOUNDS>
   <PIN pinname="Reset" slicecount="1" values="0">
   </PIN>
   <PIN pinname="Hand PositionXYZ" visible="1">
   </PIN>
   <PIN pinname="Finger ID" visible="1">
   </PIN>
   </NODE>
   <NODE systemname="Transform (Transform 3d Vector)" nodename="Transform (Transform 3d Vector)" componentmode="Hidden" id="1">
   <BOUNDS type="Node" left="9525" top="2925" width="100" height="100">
   </BOUNDS>
   <PIN pinname="Translate XYZ" visible="1">
   </PIN>
   <PIN pinname="Transform Out" visible="1">
   </PIN>
   <PIN pinname="Scale XYZ" slicecount="3" values="0.2,0.2,0.2">
   </PIN>
   </NODE>
   <NODE systemname="Renderer (EX9)" nodename="Renderer (EX9)" componentmode="InABox" id="2">
   <BOUNDS type="Node" left="10005" top="7560" width="100" height="100">
   </BOUNDS>
   <BOUNDS type="Box" left="10005" top="7560" width="8760" height="8085">
   </BOUNDS>
   <BOUNDS type="Window" left="11625" top="8640" width="6240" height="5055">
   </BOUNDS>
   <PIN pinname="Layers" visible="1">
   </PIN>
   <PIN pinname="View" visible="1">
   </PIN>
   <PIN pinname="Projection" visible="1">
   </PIN>
   <PIN pinname="Actual Backbuffer Width" visible="1">
   </PIN>
   <PIN pinname="Actual Backbuffer Height" visible="1">
   </PIN>
   <PIN pinname="Aspect Ratio" visible="1">
   </PIN>
   <PIN pinname="Windowed Depthbuffer Format" slicecount="1" values="D24X8">
   </PIN>
   <PIN pinname="Windowed Antialiasing Quality Level" slicecount="1" values="4">
   </PIN>
   <PIN pinname="Background Color" visible="1">
   </PIN>
   </NODE>
   <NODE systemname="Sphere (DX9)" nodename="Sphere (DX9)" componentmode="Hidden" id="3">
   <BOUNDS type="Node" left="9540" top="4005" width="100" height="100">
   </BOUNDS>
   <PIN pinname="Transform" visible="1">
   </PIN>
   <PIN pinname="Layer" visible="1">
   </PIN>
   <PIN pinname="Color" visible="1">
   </PIN>
   <PIN pinname="Resolution Y" slicecount="1" values="32">
   </PIN>
   <PIN pinname="Resolution X" slicecount="1" values="30">
   </PIN>
   </NODE>
   <LINK srcnodeid="1" srcpinname="Transform Out" dstnodeid="3" dstpinname="Transform">
   </LINK>
   <NODE systemname="Camera (Transform Softimage)" filename="%VVVV%\lib\nodes\modules\Transform\Camera (Transform Softimage).v4p" nodename="Camera (Transform Softimage)" componentmode="Hidden" id="4">
   <BOUNDS type="Node" left="17700" top="5775" width="100" height="100">
   </BOUNDS>
   <PIN pinname="View" visible="1">
   </PIN>
   <PIN pinname="Projection" visible="1">
   </PIN>
   <PIN pinname="Near Plane" slicecount="1" values="0.01">
   </PIN>
   </NODE>
   <LINK srcnodeid="4" srcpinname="View" dstnodeid="2" dstpinname="View">
   </LINK>
   <LINK srcnodeid="4" srcpinname="Projection" dstnodeid="2" dstpinname="Projection">
   </LINK>
   <NODE systemname="Group (EX9)" nodename="Group (EX9)" componentmode="Hidden" id="5">
   <BOUNDS type="Node" left="7980" top="7155" width="3450" height="270">
   </BOUNDS>
   <PIN pinname="Layer 2" visible="1">
   </PIN>
   <PIN pinname="Layer 1" visible="1">
   </PIN>
   <PIN pinname="Layer" visible="1">
   </PIN>
   <PIN pinname="Layer Template Count" slicecount="1" values="4">
   </PIN>
   <PIN pinname="Layer 3" visible="1">
   </PIN>
   <PIN pinname="Layer 4" visible="1">
   </PIN>
   </NODE>
   <LINK srcnodeid="5" srcpinname="Layer" dstnodeid="2" dstpinname="Layers">
   </LINK>
   <NODE systemname="Switch (Color Input)" nodename="Switch (Color Input)" componentmode="Hidden" id="9">
   <BOUNDS type="Node" left="10890" top="3345" width="100" height="100">
   </BOUNDS>
   <PIN pinname="Switch" visible="1" slicecount="1" values="0">
   </PIN>
   <PIN pinname="Output" visible="1">
   </PIN>
   <PIN pinname="Input 1" visible="1">
   </PIN>
   <PIN pinname="Input 2" visible="1">
   </PIN>
   </NODE>
   <LINK srcnodeid="9" srcpinname="Output" dstnodeid="3" dstpinname="Color">
   </LINK>
   <NODE nodename="IOBox (Color)" componentmode="InABox" id="13" systemname="IOBox (Color)">
   <BOUNDS type="Box" left="12060" top="1305" width="2220" height="285">
   </BOUNDS>
   <BOUNDS type="Node" left="12060" top="1305" width="0" height="0">
   </BOUNDS>
   <PIN pinname="Color Input" slicecount="1" values="|0.97592,0.77473,0.48125,1.00000|">
   </PIN>
   <PIN pinname="Color Output" visible="1">
   </PIN>
   </NODE>
   <NODE systemname="S+H (Animation)" nodename="S+H (Animation)" componentmode="Hidden" id="14">
   <BOUNDS type="Node" left="9570" top="1725" width="100" height="100">
   </BOUNDS>
   <PIN pinname="Input" visible="1">
   </PIN>
   <PIN pinname="Output" visible="1">
   </PIN>
   <PIN pinname="Set" visible="1">
   </PIN>
   </NODE>
   <LINK srcnodeid="0" srcpinname="Hand PositionXYZ" dstnodeid="14" dstpinname="Input">
   </LINK>
   <LINK srcnodeid="14" srcpinname="Output" dstnodeid="1" dstpinname="Translate XYZ">
   </LINK>
   <NODE systemname="Count (Value)" nodename="Count (Value)" componentmode="Hidden" id="16">
   <BOUNDS type="Node" left="10050" top="810" width="100" height="100">
   </BOUNDS>
   <PIN pinname="Input" visible="1">
   </PIN>
   <PIN pinname="Count" visible="1">
   </PIN>
   </NODE>
   <LINK srcnodeid="0" srcpinname="Hand PositionXYZ" dstnodeid="16" dstpinname="Input">
   </LINK>
   <NODE systemname="GT (Value)" nodename="GT (Value)" componentmode="Hidden" id="17">
   <BOUNDS type="Node" left="10140" top="1260" width="100" height="100">
   </BOUNDS>
   <PIN pinname="Input 2" visible="1" slicecount="1" values="0">
   </PIN>
   <PIN pinname="Output" visible="1">
   </PIN>
   <PIN pinname="Input 1" visible="1">
   </PIN>
   </NODE>
   <LINK srcnodeid="17" srcpinname="Output" dstnodeid="14" dstpinname="Set">
   </LINK>
   <NODE systemname="AxisAndGrid (DX9)" filename="%VVVV%\lib\nodes\modules\EX9\AxisAndGrid (DX9).v4p" nodename="AxisAndGrid (DX9)" componentmode="Hidden" id="6">
   <BOUNDS type="Node" left="2055" top="6420" width="100" height="100">
   </BOUNDS>
   <PIN pinname="Layer" visible="1">
   </PIN>
   <PIN pinname="Transform" visible="1">
   </PIN>
   </NODE>
   <NODE systemname="Scale (Transform Vector)" nodename="Scale (Transform Vector)" componentmode="Hidden" id="18">
   <BOUNDS type="Node" left="2010" top="5925" width="100" height="100">
   </BOUNDS>
   <PIN pinname="XYZ" slicecount="3" values="0.29,0.29,0.29">
   </PIN>
   <PIN pinname="Transform Out" visible="1">
   </PIN>
   </NODE>
   <LINK srcnodeid="18" srcpinname="Transform Out" dstnodeid="6" dstpinname="Transform">
   </LINK>
   <NODE systemname="Particles (3d Field)" filename="%VVVV%\addonpack\lib\nodes\plugins\ParticlesField.dll" nodename="Particles (3d Field)" componentmode="Hidden" id="19">
   <BOUNDS type="Node" left="13620" top="3135" width="100" height="100">
   </BOUNDS>
   <PIN pinname="Emit" visible="1">
   </PIN>
   <PIN pinname="Age" slicecount="1" visible="1" values="0.49">
   </PIN>
   <PIN pinname="PositionXYZ" visible="1" slicecount="3" values="0,0,0">
   </PIN>
   <PIN pinname="Velocity DeviationXYZ" slicecount="3" values="0,0,0">
   </PIN>
   <PIN pinname="Velocity FieldXYZ" slicecount="3" values="0,-0.61,4.55">
   </PIN>
   <PIN pinname="Reset" visible="1" slicecount="1" values="0">
   </PIN>
   </NODE>
   <NODE systemname="TogEdge (Animation)" nodename="TogEdge (Animation)" componentmode="Hidden" id="20">
   <BOUNDS type="Node" left="12975" top="2295" width="100" height="100">
   </BOUNDS>
   <PIN pinname="Up Edge" visible="1">
   </PIN>
   <PIN pinname="Input" visible="1">
   </PIN>
   </NODE>
   <NODE systemname="Transform (Transform 3d Vector)" nodename="Transform (Transform 3d Vector)" componentmode="Hidden" id="22">
   <BOUNDS type="Node" left="11280" top="5640" width="100" height="100">
   </BOUNDS>
   <PIN pinname="Translate XYZ" visible="1">
   </PIN>
   <PIN pinname="Transform Out" visible="1">
   </PIN>
   <PIN pinname="Scale XYZ" slicecount="3" values="14.07,14.07,14.07">
   </PIN>
   <PIN pinname="Rotate XYZ" visible="1" slicecount="3" values="0.76,0.5,0">
   </PIN>
   <PIN pinname="Transform In" visible="1">
   </PIN>
   </NODE>
   <NODE systemname="S+H (Animation)" nodename="S+H (Animation)" componentmode="Hidden" id="25">
   <BOUNDS type="Node" left="12690" top="3135" width="100" height="100">
   </BOUNDS>
   <PIN pinname="Set" visible="1">
   </PIN>
   <PIN pinname="Input" visible="1">
   </PIN>
   <PIN pinname="Output" visible="1">
   </PIN>
   </NODE>
   <LINK srcnodeid="14" srcpinname="Output" dstnodeid="25" dstpinname="Input">
   </LINK>
   <NODE systemname="Add (Value)" nodename="Add (Value)" componentmode="Hidden" id="26">
   <BOUNDS type="Node" left="12525" top="3585" width="100" height="100">
   </BOUNDS>
   <PIN pinname="Input 2" visible="1">
   </PIN>
   <PIN pinname="Input 1" visible="1">
   </PIN>
   <PIN pinname="Output" visible="1">
   </PIN>
   </NODE>
   <LINK srcnodeid="19" srcpinname="PositionXYZ" dstnodeid="26" dstpinname="Input 2">
   </LINK>
   <LINK srcnodeid="25" srcpinname="Output" dstnodeid="26" dstpinname="Input 1">
   </LINK>
   <LINK srcnodeid="13" srcpinname="Color Output" dstnodeid="9" dstpinname="Input 1">
   </LINK>
   <NODE nodename="IOBox (Color)" componentmode="InABox" id="27" systemname="IOBox (Color)">
   <BOUNDS type="Box" left="12015" top="1845" width="2115" height="255">
   </BOUNDS>
   <BOUNDS type="Node" left="12015" top="1845" width="0" height="0">
   </BOUNDS>
   <PIN pinname="Color Input" slicecount="1" visible="1" values="|0.95002,0.54932,0.46843,1.00000|">
   </PIN>
   </NODE>
   <LINK srcnodeid="27" srcpinname="Color Output" dstnodeid="9" dstpinname="Input 2">
   </LINK>
   <NODE systemname="AspectRatio (Transform)" nodename="AspectRatio (Transform)" componentmode="Hidden" id="29">
   <BOUNDS type="Node" left="17370" top="15525" width="100" height="100">
   </BOUNDS>
   <PIN pinname="Aspect Width" visible="1">
   </PIN>
   <PIN pinname="Aspect Height" visible="1">
   </PIN>
   <PIN pinname="Transform Out" visible="1">
   </PIN>
   </NODE>
   <LINK srcnodeid="2" srcpinname="Actual Backbuffer Width" dstnodeid="29" dstpinname="Aspect Width">
   </LINK>
   <LINK srcnodeid="2" srcpinname="Actual Backbuffer Height" dstnodeid="29" dstpinname="Aspect Height">
   </LINK>
   <LINK srcnodeid="29" srcpinname="Transform Out" dstnodeid="2" dstpinname="Aspect Ratio">
   <LINKPOINT x="17442" y="16056">
   </LINKPOINT>
   <LINKPOINT x="19449" y="16182">
   </LINKPOINT>
   <LINKPOINT x="19326" y="6813">
   </LINKPOINT>
   <LINKPOINT x="18753" y="6909">
   </LINKPOINT>
   </LINK>
   <NODE systemname="Box (EX9.Geometry)" nodename="Box (EX9.Geometry)" componentmode="Hidden" id="30">
   <BOUNDS type="Node" left="6195" top="4200" width="100" height="100">
   </BOUNDS>
   <PIN pinname="Mesh" visible="1">
   </PIN>
   </NODE>
   <NODE systemname="GouraudDirectional (EX9.Effect)" filename="%VVVV%\lib\nodes\effects\GouraudDirectional.fx" nodename="GouraudDirectional (EX9.Effect)" componentmode="Hidden" id="31">
   <BOUNDS type="Node" left="6180" top="4620" width="100" height="100">
   </BOUNDS>
   <PIN pinname="Mesh" visible="1">
   </PIN>
   <PIN pinname="Layer" visible="1">
   </PIN>
   <PIN pinname="Transform" visible="1">
   </PIN>
   <PIN pinname="Texture" visible="1">
   </PIN>
   <PIN pinname="Light Direction XYZ" visible="1">
   </PIN>
   </NODE>
   <LINK srcnodeid="30" srcpinname="Mesh" dstnodeid="31" dstpinname="Mesh">
   </LINK>
   <NODE systemname="Transform (Transform 3d Vector)" nodename="Transform (Transform 3d Vector)" componentmode="Hidden" id="32">
   <BOUNDS type="Node" left="6990" top="4035" width="100" height="100">
   </BOUNDS>
   <PIN pinname="Transform Out" visible="1">
   </PIN>
   <PIN pinname="Scale XYZ" slicecount="3" values="0.2,0.43,0.2">
   </PIN>
   <PIN pinname="Translate XYZ" slicecount="3" values="0,0,2.5">
   </PIN>
   </NODE>
   <LINK srcnodeid="32" srcpinname="Transform Out" dstnodeid="31" dstpinname="Transform">
   </LINK>
   <NODE systemname="AvoidNIL (Spreads)" filename="%VVVV%\lib\nodes\modules\Spreads\AvoidNIL (Spreads).v4p" nodename="AvoidNIL (Spreads)" componentmode="Hidden" id="33">
   <BOUNDS type="Node" left="12255" top="3990" width="100" height="100">
   </BOUNDS>
   <PIN pinname="Input" visible="1">
   </PIN>
   <PIN pinname="Output" visible="1">
   </PIN>
   <PIN pinname="Default" visible="1">
   </PIN>
   </NODE>
   <LINK srcnodeid="26" srcpinname="Output" dstnodeid="33" dstpinname="Input">
   </LINK>
   <NODE systemname="Add (Value)" nodename="Add (Value)" componentmode="Hidden" id="34">
   <BOUNDS type="Node" left="11610" top="4455" width="100" height="100">
   </BOUNDS>
   <PIN pinname="Input 2" visible="1">
   </PIN>
   <PIN pinname="Output" visible="1">
   </PIN>
   <PIN pinname="Input 1" visible="1" slicecount="3" values="0.132656433105469,0.132870010375977,0.0467297973632812">
   </PIN>
   </NODE>
   <NODE nodename="IOBox (Value Advanced)" componentmode="InABox" id="35" systemname="IOBox (Value Advanced)">
   <BOUNDS type="Box" left="13605" top="3735" width="795" height="720">
   </BOUNDS>
   <BOUNDS type="Node" left="13605" top="3735" width="0" height="0">
   </BOUNDS>
   <PIN pinname="Y Input Value" slicecount="3" visible="1" values="0,0.32,1.11">
   </PIN>
   <PIN pinname="Units" slicecount="1" values="||">
   </PIN>
   <PIN pinname="Precision" slicecount="1" values="4">
   </PIN>
   <PIN pinname="Rows" slicecount="1" values="3">
   </PIN>
   <PIN pinname="Vector Size" slicecount="1" values="3">
   </PIN>
   <PIN pinname="Default" slicecount="1" values="|0, 0, 0|">
   </PIN>
   </NODE>
   <LINK srcnodeid="35" srcpinname="Y Output Value" dstnodeid="34" dstpinname="Input 2">
   </LINK>
   <LINK srcnodeid="14" srcpinname="Output" dstnodeid="33" dstpinname="Default">
   </LINK>
   <LINK srcnodeid="33" srcpinname="Output" dstnodeid="34" dstpinname="Input 1">
   </LINK>
   <LINK srcnodeid="34" srcpinname="Output" dstnodeid="22" dstpinname="Translate XYZ">
   </LINK>
   <NODE systemname="Renderer (EX9)" nodename="Renderer (EX9)" componentmode="InABox" id="37">
   <BOUNDS type="Node" left="255" top="7965" width="100" height="100">
   </BOUNDS>
   <BOUNDS type="Box" left="255" top="7965" width="9225" height="7230">
   </BOUNDS>
   <BOUNDS type="Window" left="2760" top="6615" width="6240" height="5055">
   </BOUNDS>
   <PIN pinname="Layers" visible="1">
   </PIN>
   </NODE>
   <NODE systemname="FullscreenQuad (DX9)" filename="%VVVV%\addonpack\lib\nodes\modules\TextureFX\misc\FullscreenQuad (DX9).v4p" nodename="FullscreenQuad (DX9)" componentmode="Hidden" id="38">
   <BOUNDS type="Node" left="240" top="5520" width="100" height="100">
   </BOUNDS>
   <PIN pinname="Texture" visible="1" slicecount="1" values="||">
   </PIN>
   <PIN pinname="Layer" visible="1">
   </PIN>
   </NODE>
   <LINK srcnodeid="38" srcpinname="Layer" dstnodeid="37" dstpinname="Layers">
   </LINK>
   <NODE systemname="VideoIn (EX9.Texture)" filename="%VVVV%\lib\nodes\modules\EX9.Texture\VideoIn (EX9.Texture).v4p" nodename="VideoIn (EX9.Texture)" componentmode="Hidden" id="41">
   <BOUNDS type="Node" left="270" top="4950" width="100" height="100">
   </BOUNDS>
   <PIN pinname="Driver" slicecount="1" values="|PS3Eye Camera|">
   </PIN>
   <PIN pinname="Texture Out" visible="1">
   </PIN>
   <PIN pinname="Width" slicecount="1" values="640">
   </PIN>
   <PIN pinname="Height" slicecount="1" values="480">
   </PIN>
   <PIN pinname="Enabled" slicecount="1" values="1">
   </PIN>
   </NODE>
   <LINK srcnodeid="41" srcpinname="Texture Out" dstnodeid="38" dstpinname="Texture">
   </LINK>
   <NODE systemname="Count (Value)" nodename="Count (Value)" componentmode="Hidden" id="45">
   <BOUNDS type="Node" left="11160" top="750" width="100" height="100">
   </BOUNDS>
   <PIN pinname="Input" visible="1">
   </PIN>
   <PIN pinname="Count" visible="1">
   </PIN>
   </NODE>
   <LINK srcnodeid="0" srcpinname="Finger ID" dstnodeid="45" dstpinname="Input">
   </LINK>
   <LINK srcnodeid="16" srcpinname="Count" dstnodeid="17" dstpinname="Input 1">
   </LINK>
   <NODE systemname="GT (Value)" nodename="GT (Value)" componentmode="Hidden" id="46">
   <BOUNDS type="Node" left="11190" top="1500" width="100" height="100">
   </BOUNDS>
   <PIN pinname="Input 1" visible="1">
   </PIN>
   <PIN pinname="Output" visible="1">
   </PIN>
   <PIN pinname="Input 2" slicecount="1" values="1">
   </PIN>
   </NODE>
   <LINK srcnodeid="45" srcpinname="Count" dstnodeid="46" dstpinname="Input 1">
   </LINK>
   <LINK srcnodeid="46" srcpinname="Output" dstnodeid="20" dstpinname="Input">
   </LINK>
   <NODE systemname="AND (Boolean)" nodename="AND (Boolean)" componentmode="Hidden" id="47">
   <BOUNDS type="Node" left="14310" top="2535" width="100" height="100">
   </BOUNDS>
   <PIN pinname="Input 1" visible="1">
   </PIN>
   <PIN pinname="Input 2" visible="1">
   </PIN>
   <PIN pinname="Output" visible="1">
   </PIN>
   <PIN pinname="Input Count" slicecount="1" values="3">
   </PIN>
   <PIN pinname="Input 3" visible="1">
   </PIN>
   </NODE>
   <LINK srcnodeid="20" srcpinname="Up Edge" dstnodeid="47" dstpinname="Input 1">
   </LINK>
   <NODE systemname="Count (Value)" nodename="Count (Value)" componentmode="Hidden" id="48">
   <BOUNDS type="Node" left="15300" top="3615" width="100" height="100">
   </BOUNDS>
   <PIN pinname="Input" visible="1">
   </PIN>
   <PIN pinname="Count" visible="1">
   </PIN>
   </NODE>
   <NODE systemname="EQ (Value)" nodename="EQ (Value)" componentmode="Hidden" id="49">
   <BOUNDS type="Node" left="16050" top="2280" width="100" height="100">
   </BOUNDS>
   <PIN pinname="Input 1" visible="1">
   </PIN>
   <PIN pinname="Output" visible="1">
   </PIN>
   </NODE>
   <LINK srcnodeid="48" srcpinname="Count" dstnodeid="49" dstpinname="Input 1">
   </LINK>
   <LINK srcnodeid="49" srcpinname="Output" dstnodeid="47" dstpinname="Input 2">
   </LINK>
   <NODE systemname="FrameDelay (Value)" filename="%VVVV%\lib\nodes\plugins\VVVV.Nodes.dll" nodename="FrameDelay (Value)" componentmode="Hidden" id="50">
   <BOUNDS type="Node" left="16245" top="3465" width="100" height="100">
   </BOUNDS>
   <PIN pinname="Input 1" visible="1">
   </PIN>
   <PIN pinname="Output 1" visible="1">
   </PIN>
   </NODE>
   <LINK srcnodeid="19" srcpinname="Age" dstnodeid="50" dstpinname="Input 1">
   <LINKPOINT x="15240" y="3405">
   </LINKPOINT>
   </LINK>
   <LINK srcnodeid="50" srcpinname="Output 1" dstnodeid="48" dstpinname="Input">
   </LINK>
   <LINK srcnodeid="47" srcpinname="Output" dstnodeid="25" dstpinname="Set">
   </LINK>
   <LINK srcnodeid="47" srcpinname="Output" dstnodeid="19" dstpinname="Reset">
   </LINK>
   <LINK srcnodeid="47" srcpinname="Output" dstnodeid="19" dstpinname="Emit">
   </LINK>
   <NODE systemname="Heading (Animation)" nodename="Heading (Animation)" componentmode="Hidden" id="52">
   <BOUNDS type="Node" left="15405" top="915" width="100" height="100">
   </BOUNDS>
   <PIN pinname="X" visible="1">
   </PIN>
   <PIN pinname="Y" visible="1">
   </PIN>
   <PIN pinname="Length" visible="1">
   </PIN>
   </NODE>
   <NODE systemname="Vector (3d Split)" nodename="Vector (3d Split)" componentmode="Hidden" id="53">
   <BOUNDS type="Node" left="15390" top="450" width="100" height="100">
   </BOUNDS>
   <PIN pinname="XYZ" visible="1">
   </PIN>
   <PIN pinname="X" visible="1">
   </PIN>
   <PIN pinname="Z" visible="1">
   </PIN>
   </NODE>
   <LINK srcnodeid="0" srcpinname="Hand PositionXYZ" dstnodeid="53" dstpinname="XYZ">
   </LINK>
   <LINK srcnodeid="53" srcpinname="X" dstnodeid="52" dstpinname="X">
   </LINK>
   <LINK srcnodeid="53" srcpinname="Z" dstnodeid="52" dstpinname="Y">
   </LINK>
   <NODE systemname="AvoidNIL (Spreads)" filename="%VVVV%\lib\nodes\modules\Spreads\AvoidNIL (Spreads).v4p" nodename="AvoidNIL (Spreads)" componentmode="Hidden" id="59">
   <BOUNDS type="Node" left="14790" top="1395" width="100" height="100">
   </BOUNDS>
   <PIN pinname="Input" visible="1">
   </PIN>
   <PIN pinname="Output" visible="1">
   </PIN>
   </NODE>
   <LINK srcnodeid="52" srcpinname="Length" dstnodeid="59" dstpinname="Input">
   </LINK>
   <NODE systemname="GT (Value)" nodename="GT (Value)" componentmode="Hidden" id="60">
   <BOUNDS type="Node" left="14805" top="1830" width="100" height="100">
   </BOUNDS>
   <PIN pinname="Input 2" slicecount="1" values="0.002">
   </PIN>
   <PIN pinname="Input 1" visible="1">
   </PIN>
   <PIN pinname="Output" visible="1">
   </PIN>
   </NODE>
   <LINK srcnodeid="59" srcpinname="Output" dstnodeid="60" dstpinname="Input 1">
   </LINK>
   <LINK srcnodeid="60" srcpinname="Output" dstnodeid="47" dstpinname="Input 3">
   </LINK>
   <NODE systemname="GouraudDirectional (EX9.Effect)" filename="%VVVV%\lib\nodes\effects\GouraudDirectional.fx" nodename="GouraudDirectional (EX9.Effect)" componentmode="Hidden" id="65">
   <BOUNDS type="Node" left="11955" top="6195" width="3720" height="270">
   </BOUNDS>
   <PIN pinname="Mesh" visible="1" slicecount="1" values="||">
   </PIN>
   <PIN pinname="Layer" visible="1">
   </PIN>
   <PIN pinname="Transform" visible="1" slicecount="1" values="||">
   </PIN>
   <PIN pinname="Texture" visible="1" slicecount="1" values="||">
   </PIN>
   <PIN pinname="Diffuse Color" visible="1">
   </PIN>
   <PIN pinname="Specular Color" visible="1">
   </PIN>
   <PIN pinname="Ambient Color" visible="1">
   </PIN>
   <PIN pinname="Power" visible="1">
   </PIN>
   <PIN pinname="Alpha" visible="1">
   </PIN>
   <PIN pinname="Light Direction XYZ" visible="1">
   </PIN>
   </NODE>
   <NODE systemname="ColladaFile (EX9.Geometry)" filename="%VVVV%\lib\nodes\plugins\ColladaLoader.dll" nodename="ColladaFile (EX9.Geometry)" componentmode="Hidden" id="74">
   <BOUNDS type="Node" left="12180" top="4650" width="100" height="100">
   </BOUNDS>
   <PIN pinname="Filename" slicecount="1" values="sensu\sensu\sensu.test.dae">
   </PIN>
   <PIN pinname="COLLADA Model" visible="1">
   </PIN>
   </NODE>
   <NODE systemname="Mesh (EX9.Geometry Collada)" filename="%VVVV%\lib\nodes\plugins\ColladaLoader.dll" nodename="Mesh (EX9.Geometry Collada)" componentmode="Hidden" id="75">
   <BOUNDS type="Node" left="12150" top="5205" width="1965" height="270">
   </BOUNDS>
   <PIN pinname="COLLADA Model" visible="1">
   </PIN>
   <PIN pinname="Mesh" visible="1">
   </PIN>
   <PIN pinname="Transforms" visible="1">
   </PIN>
   <PIN pinname="MaterialName" visible="1">
   </PIN>
   <PIN pinname="Diffuse Color" visible="1">
   </PIN>
   <PIN pinname="Specular Color" visible="1">
   </PIN>
   <PIN pinname="Emissive Color" visible="1">
   </PIN>
   <PIN pinname="Power" visible="1">
   </PIN>
   <PIN pinname="Opaque" visible="1">
   </PIN>
   </NODE>
   <LINK srcnodeid="74" srcpinname="COLLADA Model" dstnodeid="75" dstpinname="COLLADA Model">
   </LINK>
   <LINK srcnodeid="75" srcpinname="Mesh" dstnodeid="65" dstpinname="Mesh">
   </LINK>
   <LINK srcnodeid="75" srcpinname="Diffuse Color" dstnodeid="65" dstpinname="Diffuse Color">
   </LINK>
   <LINK srcnodeid="75" srcpinname="Specular Color" dstnodeid="65" dstpinname="Specular Color">
   </LINK>
   <LINK srcnodeid="75" srcpinname="Emissive Color" dstnodeid="65" dstpinname="Ambient Color">
   </LINK>
   <LINK srcnodeid="75" srcpinname="Power" dstnodeid="65" dstpinname="Power">
   </LINK>
   <LINK srcnodeid="75" srcpinname="Opaque" dstnodeid="65" dstpinname="Alpha">
   </LINK>
   <NODE nodename="IOBox (Value Advanced)" componentmode="InABox" id="79" systemname="IOBox (Value Advanced)">
   <BOUNDS type="Box" left="17820" top="3150" width="795" height="720">
   </BOUNDS>
   <BOUNDS type="Node" left="17820" top="3150" width="0" height="0">
   </BOUNDS>
   <PIN pinname="Y Input Value" slicecount="3" visible="1" values="4.85,2.11,2.35">
   </PIN>
   <PIN pinname="Units" slicecount="1" values="||">
   </PIN>
   <PIN pinname="Precision" slicecount="1" values="4">
   </PIN>
   <PIN pinname="Vector Size" slicecount="1" values="3">
   </PIN>
   <PIN pinname="Rows" slicecount="1" values="3">
   </PIN>
   </NODE>
   <LINK srcnodeid="79" srcpinname="Y Output Value" dstnodeid="65" dstpinname="Light Direction XYZ">
   </LINK>
   <LINK srcnodeid="75" srcpinname="Transforms" dstnodeid="22" dstpinname="Transform In">
   </LINK>
   <LINK srcnodeid="22" srcpinname="Transform Out" dstnodeid="65" dstpinname="Transform">
   </LINK>
   <LINK srcnodeid="65" srcpinname="Layer" dstnodeid="5" dstpinname="Layer 4">
   </LINK>
   <NODE nodename="IOBox (Color)" componentmode="InABox" id="81" systemname="IOBox (Color)">
   <BOUNDS type="Box" left="14370" top="6645" width="2250" height="480">
   </BOUNDS>
   <BOUNDS type="Node" left="14370" top="6645" width="0" height="0">
   </BOUNDS>
   <PIN pinname="Color Input" slicecount="1" visible="1" values="|0.70806,0.70806,0.70806,1.00000|">
   </PIN>
   </NODE>
   <LINK srcnodeid="81" srcpinname="Color Output" dstnodeid="2" dstpinname="Background Color">
   </LINK>
   <NODE systemname="Group (EX9)" nodename="Group (EX9)" componentmode="Hidden" id="82">
   <BOUNDS type="Node" left="6660" top="6555" width="100" height="100">
   </BOUNDS>
   <PIN pinname="Layer 1" visible="1" slicecount="1" values="||">
   </PIN>
   <PIN pinname="Layer" visible="1">
   </PIN>
   <PIN pinname="Layer 2" visible="1">
   </PIN>
   <PIN pinname="Layer Template Count" slicecount="1" values="4">
   </PIN>
   <PIN pinname="Layer 3" visible="1">
   </PIN>
   </NODE>
   <LINK srcnodeid="82" srcpinname="Layer" dstnodeid="5" dstpinname="Layer 1">
   </LINK>
   <NODE systemname="CubeMap (EX9.Effect)" filename="%VVVV%\lib\nodes\effects\CubeMap.fx" nodename="CubeMap (EX9.Effect)" componentmode="Hidden" id="83">
   <BOUNDS type="Node" left="4800" top="3060" width="100" height="100">
   </BOUNDS>
   <PIN pinname="Mesh" visible="1">
   </PIN>
   <PIN pinname="Layer" visible="1">
   </PIN>
   <PIN pinname="Transform" visible="1">
   </PIN>
   <PIN pinname="Environment CubeMap" visible="1">
   </PIN>
   <PIN pinname="Refraction CubeMap" visible="1">
   </PIN>
   </NODE>
   <NODE systemname="Box (EX9.Geometry)" nodename="Box (EX9.Geometry)" componentmode="Hidden" id="84">
   <BOUNDS type="Node" left="4890" top="2010" width="100" height="100">
   </BOUNDS>
   <PIN pinname="Mesh" visible="1">
   </PIN>
   </NODE>
   <LINK srcnodeid="84" srcpinname="Mesh" dstnodeid="83" dstpinname="Mesh">
   </LINK>
   <LINK srcnodeid="83" srcpinname="Layer" dstnodeid="82" dstpinname="Layer 2">
   </LINK>
   <NODE systemname="Scale (Transform Vector)" nodename="Scale (Transform Vector)" componentmode="Hidden" id="85">
   <BOUNDS type="Node" left="5055" top="2445" width="100" height="100">
   </BOUNDS>
   <PIN pinname="Transform Out" visible="1">
   </PIN>
   <PIN pinname="XYZ" slicecount="3" values="100,100,100">
   </PIN>
   </NODE>
   <LINK srcnodeid="85" srcpinname="Transform Out" dstnodeid="83" dstpinname="Transform">
   </LINK>
   <NODE systemname="FileTexture (EX9.Texture)" nodename="FileTexture (EX9.Texture)" componentmode="Hidden" id="86">
   <BOUNDS type="Node" left="5715" top="1920" width="100" height="100">
   </BOUNDS>
   <PIN pinname="Filename" slicecount="1" values="|D:\work\vvvv\channel vol8\Texture2.dds|">
   </PIN>
   <PIN pinname="Texture Out" visible="1">
   </PIN>
   <PIN pinname="Type" slicecount="1" values="|Cube Texture|">
   </PIN>
   </NODE>
   <LINK srcnodeid="86" srcpinname="Texture Out" dstnodeid="83" dstpinname="Environment CubeMap">
   </LINK>
   <LINK srcnodeid="86" srcpinname="Texture Out" dstnodeid="83" dstpinname="Refraction CubeMap">
   </LINK>
   <NODE systemname="Box (EX9.Geometry)" nodename="Box (EX9.Geometry)" componentmode="Hidden" id="87">
   <BOUNDS type="Node" left="2580" top="5130" width="100" height="100">
   </BOUNDS>
   <PIN pinname="Mesh" visible="1">
   </PIN>
   </NODE>
   <NODE systemname="GouraudDirectional (EX9.Effect)" filename="%VVVV%\lib\nodes\effects\GouraudDirectional.fx" nodename="GouraudDirectional (EX9.Effect)" componentmode="Hidden" id="88">
   <BOUNDS type="Node" left="3165" top="5880" width="100" height="100">
   </BOUNDS>
   <PIN pinname="Layer" visible="1">
   </PIN>
   <PIN pinname="Mesh" visible="1">
   </PIN>
   <PIN pinname="Transform" visible="1">
   </PIN>
   <PIN pinname="Light Direction XYZ" slicecount="3" values="4.84999990463257,-3.02,2.34999990463257" visible="1">
   </PIN>
   <PIN pinname="Texture" visible="1">
   </PIN>
   </NODE>
   <LINK srcnodeid="88" srcpinname="Layer" dstnodeid="82" dstpinname="Layer 3">
   </LINK>
   <LINK srcnodeid="87" srcpinname="Mesh" dstnodeid="88" dstpinname="Mesh">
   </LINK>
   <NODE systemname="Transform (Transform 3d Vector)" nodename="Transform (Transform 3d Vector)" componentmode="Hidden" id="89">
   <BOUNDS type="Node" left="3270" top="5310" width="100" height="100">
   </BOUNDS>
   <PIN pinname="Transform Out" visible="1">
   </PIN>
   <PIN pinname="Scale XYZ" slicecount="3" values="5,0.1,5">
   </PIN>
   <PIN pinname="Translate XYZ" slicecount="3" values="0,-0.23,1.75">
   </PIN>
   </NODE>
   <LINK srcnodeid="89" srcpinname="Transform Out" dstnodeid="88" dstpinname="Transform">
   </LINK>
   <NODE systemname="FileTexture (EX9.Texture)" nodename="FileTexture (EX9.Texture)" componentmode="Hidden" id="90">
   <BOUNDS type="Node" left="4155" top="4560" width="100" height="100">
   </BOUNDS>
   <PIN pinname="Filename" slicecount="1" values="img\wood\Melamine-wood-005.png">
   </PIN>
   <PIN pinname="Texture Out" visible="1">
   </PIN>
   </NODE>
   <LINK srcnodeid="90" srcpinname="Texture Out" dstnodeid="88" dstpinname="Texture">
   </LINK>
   <NODE systemname="FileTexture (EX9.Texture)" nodename="FileTexture (EX9.Texture)" componentmode="Hidden" id="91">
   <BOUNDS type="Node" left="7815" top="3540" width="100" height="100">
   </BOUNDS>
   <PIN pinname="Filename" slicecount="1" values="img\wood\Melamine-wood-001.png">
   </PIN>
   <PIN pinname="Texture Out" visible="1">
   </PIN>
   </NODE>
   <LINK srcnodeid="91" srcpinname="Texture Out" dstnodeid="31" dstpinname="Texture">
   </LINK>
   <NODE nodename="IOBox (Value Advanced)" componentmode="InABox" id="92" systemname="IOBox (Value Advanced)">
   <BOUNDS type="Box" left="7815" top="2415" width="795" height="720">
   </BOUNDS>
   <BOUNDS type="Node" left="7815" top="2415" width="0" height="0">
   </BOUNDS>
   <PIN pinname="Y Input Value" slicecount="3" visible="1" values="4.84999990463257,-3.02,3.27">
   </PIN>
   <PIN pinname="Units" slicecount="1" values="||">
   </PIN>
   <PIN pinname="Precision" slicecount="1" values="4">
   </PIN>
   <PIN pinname="Vector Size" slicecount="1" values="3">
   </PIN>
   <PIN pinname="Rows" slicecount="1" values="3">
   </PIN>
   <PIN pinname="Y Output Value" visible="1">
   </PIN>
   </NODE>
   <LINK srcnodeid="92" srcpinname="Y Output Value" dstnodeid="88" dstpinname="Light Direction XYZ">
   </LINK>
   <LINK srcnodeid="92" srcpinname="Y Output Value" dstnodeid="31" dstpinname="Light Direction XYZ">
   </LINK>
   <LINK srcnodeid="3" srcpinname="Layer" dstnodeid="5" dstpinname="Layer 3">
   </LINK>
   <LINK srcnodeid="31" srcpinname="Layer" dstnodeid="5" dstpinname="Layer 2">
   </LINK>
   </PATCH>